,word
0,Ä‘c
1,lag
2,dc
3,tgd
4,opo
5,vs
6,fb
7,sp
8,web
9,pro
10,max
11,nv
12,oke
13,ğŸ‘
14,fps
15,sd
16,ae
17,mk
18,ful
19,mah
20,a70
21,a51
22,lq
23,ap
24,ip
25,ms
26,ï¸
27,lun
28,ng
29,ğŸ˜Š
30,bt
31,cx
32,trc
33,kh
34,ğŸ˜‚
35,fre
36,a71
37,Ä‘mx
38,mik
39,ios
40,chs
41,dk
42,Ä‘k
43,ğŸ˜
44,j7
45,god
46,dmx
47,a50
48,ntn
49,sac
50,fan
51,mic
52,wed
53,ğŸ¥°
54,joy
55,ğŸ˜
56,ğŸ˜­
57,vn
58,wa
59,f1
60,wf
61,hk
62,mes
63,ğŸ‘Œ
64,rÃ¹i
65,â™¥
66,lá»•i
67,out
68,s20
69,mh
70,h30
71,nge
72,zom
73,fix
74,of
75,ns
76,â¤
77,a9
78,not
79,vos
80,ğŸ˜‘
81,oki
82,ğŸ˜„
83,y19
84,qÃ¡
85,y1
86,bth
87,hok
88,cÅ©g
89,bh
90,up
91,ip7
92,vv
93,ğŸ˜˜
94,wep
95,xs
96,a31
97,bn
98,a5
99,ğŸ»
100,rat
101,nc
102,s10
103,lm
104,cug
105,u10
106,a10
107,tg
108,id
109,ip1
110,ğŸ˜†
111,Ä‘ag
112,a1
113,gem
114,xai
115,ah
116,qtv
117,ğŸ˜…
118,pk
119,rÃ¢t
120,Ä‘ep
121,mp3
122,tes
123,a12
124,a91
125,c3
126,ji
127,f9
128,â˜º
129,dÃ¹g
130,mjh
131,x2
132,ğŸ˜”
133,tr5
134,tÃ´t
135,â‚«
136,ytb
137,het
138,xog
139,â„…
140,f7
141,ğŸ˜€
142,ip6
143,onl
144,ğŸ˜ª
145,usb
146,mih
147,â˜†
148,bik
149,mak
150,s1
151,vd
152,voc
153,s8
154,ğŸ¤£
155,ğŸ¤ª
156,hÃªt
157,nÃ£n
158,sá»¯
159,fpt
160,tr4
161,qa
162,chá»•
163,a5s
164,xÃ²
165,tik
166,tok
167,tq
168,vk
169,nx
170,net
171,ace
172,ğŸ¤”
173,a7
174,hdr
175,j5
176,há»‰u
177,a92
178,tft
179,p30
180,bat
181,zl
182,á»—n
183,haz
184,k5
185,mÃ¬h
186,bas
187,luc
188,hic
189,wÃ¡
190,ck
191,zin
192,ğŸ˜’
193,ğŸ˜©
194,tat
195,fim
196,ğŸ‡»
197,ğŸ˜¢
198,ğŸ‡³
199,cv
200,ğŸ˜£
201,tr9
202,a8
203,ğŸ˜š
204,ğŸ˜
205,cg
206,a6
207,ğŸ¤—
208,rÃ´i
209,vc
210,mng
211,v19
212,fai
213,td
214,vl
215,hdh
216,dag
217,fm
218,c2
219,sv
220,jo
221,cod
222,ğŸ˜¡
223,mag
224,dx
225,ss
226,cÃ£
227,k3
228,tot
229,tr6
230,ğŸ˜¥
231,one
232,ğŸ¤©
233,bjo
234,mjk
235,y9
236,áº»m
237,ln
238,vá»g
239,fun
240,tr2
241,Ä‘th
242,yt
243,gpu
244,â­
245,dep
246,t2
247,thg
248,pay
249,khg
250,tab
251,dis
252,ncl
253,p35
254,you
255,ğŸ˜Œ
256,mat
257,Ã­u
258,tr7
259,zay
260,pug
261,h15
262,ips
263,báº±g
264,ğŸ˜Ÿ
265,Ä‘g
266,a20
267,hs
268,ğŸ˜™
269,Ä‘x
270,mÃµi
271,zo
272,op
273,cÃ¢p
274,lcd
275,sÃ¡g
276,pm
277,sáº£m
278,lg
279,bj
280,tn
281,ğŸ˜ƒ
282,mpx
283,or
284,set
285,Ä‘Æ¡i
286,ny
287,tr3
288,pv
289,nÃ³g
290,ğŸ¤¨
291,gÃª
292,tks
293,lqm
294,s9
295,qc
296,vÄ‘
297,tbh
298,bla
299,tuc
300,kÃªt
301,páº£i
302,bk
303,kÃ´
304,ğŸ‘
305,ark
306,Â°
307,mog
308,ğŸ˜‰
309,xg
310,hÃ£
311,j6
312,sms
313,pim
314,ğŸ‘
315,k20
316,mxh
317,hot
318,dá»¥g
319,xiu
320,ac
321,ğŸ˜‹
322,sat
323,hj
324,âˆš
325,á»©g
326,pr
327,nsx
328,sdt
329,â€¢
330,pit
331,os
332,goi
333,p60
334,ğŸ¤¦
335,nfc
336,Ã´k
337,xr
338,f1s
339,mÃ¢t
340,t5
341,map
342,v5
343,cmn
344,j2
345,k0
346,k30
347,ğŸ¤®
348,q6
349,Ä‘Ã¡h
350,fit
351,hÆ¡p
352,dth
353,â˜¹
354,mod
355,ğŸ”‹
356,bx
357,qr
358,p90
359,otg
360,záº­y
361,mot
362,cac
363,cmr
364,hÄ‘h
365,h10
366,ğŸ™‚
367,nm
368,fhd
369,dem
370,kÃ¡i
371,ğŸ™„
372,duo
373,ğŸ¤¤
374,t3
375,g70
376,a52
377,kon
378,c1
379,mÃ k
380,lte
381,dá»™
382,sÄƒc
383,âœ‹
384,s60
385,s7
386,wet
387,m20
388,wj
389,sÃ³g
390,cá»Ÿ
391,trg
392,sf
393,cá»§g
394,a30
395,p3
396,ğŸ¤’
397,cuc
398,ğŸ˜
399,dat
400,ğŸ“¸
401,a1k
402,tut
403,ğŸ˜
404,â˜ 
405,pjn
406,s61
407,hm
408,dáº¥t
409,xac
410,tkj
411,xsm
412,apk
413,ğŸ’¯
414,led
415,ğŸ˜±
416,uá»•n
417,Ã k
418,c3i
419,tr1
420,áº¡k
421,Ä‘oc
422,tap
423,â€™
424,hog
425,cÆ°c
426,gd
427,ol
428,g76
429,we
430,Ä‘aq
431,ds
432,a53
433,dÃ²g
434,gh
435,tag
436,kk
437,Ã h
438,vcl
439,coa
440,tac
441,ğŸ˜«
442,xoq
443,m5
444,ráº¥
445,gr5
446,rÃ²y
447,tet
448,bc
449,del
450,rep
451,mÄƒt
452,nÄƒg
453,náº¥t
454,ğŸ’“
455,ik
456,lus
457,art
458,hp
459,ğŸ¥µ
460,p65
461,vnÄ‘
462,hqa
463,máº¡g
464,ğŸ¥´
465,lap
466,ud
467,gÄ‘
468,db
469,pl
470,eu
471,há»t
472,cÃ¹g
473,v17
474,dow
475,Ä‘eu
476,wfi
477,ja
478,pas
479,bÃ¢t
480,sag
481,tk
482,Ã³a
483,kog
484,bye
485,kp
486,j3
487,hÃ¬h
488,ğŸ˜
489,tol
490,ghz
491,y7
492,cÃ£m
493,vá»ƒ
494,a3
495,Ã¨n
496,lÃ¡m
497,y91
498,nch
499,cÃ¢c
500,a3s
501,now
502,is
503,ngt
504,pon
505,oh
506,há»‹n
507,háºµn
508,pá»‹
509,trá»ƒ
510,aps
511,nÃ m
512,gáº£m
513,mi4
514,sÃ£n
515,oce
516,ax
517,ğŸ˜°
518,dug
519,tÃ¢t
520,pg
521,ğŸ™ƒ
522,lÃ²g
523,qay
524,pig
525,iáº¿u
526,p40
527,q8
528,rn4
529,red
530,soc
531,zs
532,bl
533,ls
534,khj
535,p5
536,kua
537,kj
538,Ä‘Ãºg
539,Ä‘v
540,j4
541,bb
542,ipx
543,x4
544,fáº£i
545,xa1
546,ğŸ™†
547,wif
548,giá»¡
549,k2
550,nog
551,mis
552,mad
553,kil
554,má»•i
555,bg
556,pes
557,xm
558,vá»«
559,bqt
560,Ä‘á»©g
561,duc
562,wow
563,h45
564,t4
565,kiu
566,Ã—
567,f3
568,roy
569,hmd
570,hÃ­c
571,dÃµ
572,p2
573,g80
574,ssk
575,ip4
576,cks
577,gzi
578,cÃ³a
579,rc
580,muc
581,Ä‘Æ°á»£
582,tÄ‘v
583,gop
584,ğŸ™
585,c91
586,vt
587,tx
588,háº«n
589,xáº§y
590,kÃ­m
591,mx
592,chÄ©
593,jet
594,zem
595,omg
596,bÃ£n
597,ğŸ’ª
598,gja
599,cat
600,nuc
601,dg
602,mil
603,Ä‘ak
604,Ä‘ap
605,m2
606,det
607,f6
608,n6
609,dn
610,gÃªm
611,pdf
612,nph
613,ocÃª
614,Ä‘Ã u
615,exy
616,ig
617,ğŸ’™
618,ava
619,cis
620,vÃªt
621,sip
622,pá»‹n
623,pik
624,ğŸ‘¹
625,áº£0s
626,xwr
627,tht
628,s30
629,Ã·
630,dá»£i
631,xÃºn
632,tak
633,ttd
634,xp
635,ğŸ¤¬
636,but
637,ğŸ˜ˆ
638,alo
639,náº¯g
640,dip
641,lmj
642,mha
643,Ã´ke
644,zui
645,gtd
646,boy
647,sps
648,gjÃ¡
649,áº£n
650,h12
651,xÄ©u
652,ğŸ˜
653,gp
654,vÃ u
655,fom
656,hii
657,bib
658,gÃ©t
659,bjt
660,nhÃ¢
661,t6
662,sáºµ
663,hÃµi
664,á»©ch
665,ktv
666,Ä‘m
667,rá»³
668,mÃªt
669,vá»§a
670,vÆ°a
671,bjk
672,ğŸ¤˜
673,nz
674,ráº§t
675,á»§m
676,vcÄ‘
677,msx
678,rá»“u
679,kao
680,je
681,tÃ´c
682,lac
683,fáº§n
684,ğŸ‘‹
685,jup
686,cÃ­
687,jk
688,trk
689,kps
690,mi9
691,á»Ÿi
692,az
693,Ã´po
694,jog
695,záº§y
696,by
697,Å©ng
698,s41
699,cÃª
700,ğŸ”Š
701,wtf
702,v12
703,jav
704,qd
705,oy
706,hÃ g
707,hjc
708,y30
709,vá»…
710,thá»³
711,s7e
712,gá»¯i
713,woa
714,pá»‰n
715,máº¹n
716,q5
717,bÄƒt
718,áº¡i
719,wes
720,c4
721,Ä‘el
722,lab
723,saq
724,wak
725,ã€‚
726,tof
727,ğŸ’”
728,máº¡h
729,táº³t
730,qin
731,ğŸ†—
732,k1
733,new
734,tÃµt
735,loz
736,dm
737,zi
738,bÃºc
739,f5
740,zÃ¹m
741,tr8
742,vÄƒg
743,mÃ½
744,bcn
745,trá»¡
746,yon
747,dkm
748,sop
749,sÃ­u
750,qÃ³a
751,uj
752,p12
753,bÃ¬h
754,tÆ°d
755,mÃ m
756,zai
757,pn
758,bÃ´s
759,Ä‘Ã g
760,hÄ‘
761,laq
762,s2
763,wer
764,trá»­
765,Ä‘r
766,ngáº»
767,b17
768,pal
769,k7
770,Ä‘cj
771,neu
772,dp
773,pÃ³c
774,mba
775,lvs
776,fá»¥c
777,qt
778,be3
779,xáº½
780,tÃ¬h
781,pÃºa
782,tek
783,lip
784,xik
785,h5
786,s15
787,w31
788,xÃ¹n
789,kgi
790,rot
791,láº·g
792,nta
793,pá»“
794,gfx
795,Ä‘Ã¢p
796,xÃ y
797,hf
798,h40
799,kc
800,ï¿²
801,Æ°eb
802,atu
803,ráº«t
804,s3
805,htc
806,ive
807,has
808,its
809,far
810,k4
811,nma
812,at3
813,Ã¹i
814,rá»±
815,sml
816,rá»›c
817,bjn
818,Ä‘Ã¨e
819,ráº¥y
820,fbs
821,y50
822,ib
823,gpx
824,y17
825,ago
826,umi
827,v5s
828,pÃ©
829,hey
830,knv
831,Ä‘á»‹
832,yoi
833,Ã³n
834,h38
835,kug
836,Ä‘á»Ÿ
837,vuc
838,Ä‘áº¥
839,okr
840,â€“
841,gá»§i
842,ğŸ’–
843,vho
844,nÃ u
845,a39
846,fie
847,akg
848,a76
849,ná»£i
850,mhl
851,gáº§p
852,fen
853,k29
854,daq
855,rÄƒt
856,nxs
857,c1b
858,ğŸ˜—
859,cb
860,mtp
861,op1
862,ğŸ’´
863,lad
864,10
865,j1
866,cse
867,huu
868,iá»‡t
869,thy
870,Ä‘at
871,ká»‰u
872,gÄ©u
873,gáº¡p
874,Ä‘áº§i
875,pie
876,Ä‘Äƒ
877,Ì
878,gÃ¢Ç¹
879,mtk
880,há»‹c
881,hix
882,gat
883,ğŸ§
884,bÃ¢m
885,ğŸƒ
886,t7
887,rv
888,tke
889,sÃ³
890,hcm
891,m31
892,g90
893,bÃ½t
894,Ã¡h
895,p70
896,lá»³
897,xáº¡t
898,wp
899,sax
900,bil
901,náº¿Æ°
902,m7
903,ngk
904,zÃ¬a
905,ğŸ˜ 
906,gáº¥t
907,gui
908,Ã¡k
909,j8
910,áº£h
911,ins
912,ğŸ˜·
913,táº£u
914,ğŸ¤§
915,há»“g
916,fin
917,ze
918,vÃ g
919,hc
920,áº¡h
921,y20
922,tdg
923,vsm
924,dot
925,Ä‘á»™g
926,m10
927,zá»m
928,zh
929,á»«m
930,zÃ´
931,zÃ¬
932,gÆ¡i
933,nh
934,ğŸ˜µ
935,way
936,cá»¯a
937,dau
938,dok
939,nok
940,x5
941,dá»§
942,má»±t
943,Ã¢y
944,pmh
945,laz
946,hw
947,âœ“
948,dÃ²y
949,â¬†
950,zá»‹
951,Ä‘j
952,qsd
953,ğŸ¤³
954,h25
955,âˆ†
956,ğŸ“±
957,cap
958,vog
959,Ì‰
960,xáº«y
961,chá»·
962,uc
963,sÄ‘t
964,ğŸ˜¶
965,dzá»‹
966,h50
967,ps
968,tÅ‘i
969,Ä‘Ä›
970,sÄ…c
971,lol
972,viu
973,tÄƒt
974,toc
975,gá»p
976,xÃ²n
977,sut
978,okÃª
979,há»¥y
980,há»£n
981,dtd
982,hag
983,coc
984,dsc
985,q10
986,uce
987,chr
988,vÃ£u
989,hjh
990,xau
991,saÃ¬
992,sad
993,ihi
994,há»—i
995,Æ°ks
996,tá»•i
997,há»›i
998,tvt
999,opÃ´
1000,rá»™i
1001,i7
1002,sá»‹n
1003,pÄƒk
1004,Ä‘Äƒk
1005,lÄƒk
1006,Ä‘Äƒt
1007,cÃ¹u
1008,lnq
1009,sho
1010,cÅ©q
1011,nhg
1012,cng
1013,vck
1014,cÃ¡v
1015,tis
1016,msh
1017,pá»¯a
1018,pjt
1019,jx1
1020,ğŸ®
1021,hÆ¡b
1022,war
1023,a42
1024,a41
1025,m51
1026,afk
1027,k6
1028,chc
1029,qai
1030,adr
1031,dah
1032,and
1033,bÃ£y
1034,ogt
1035,gÃ´i
1036,khs
1037,tbÃ¬
1038,á»
1039,tqm
1040,mph
1041,thj
1042,oks
1043,faá»‰
1044,dÃªm
1045,gÃ´d
1046,há»­u
1047,avt
1048,tei
1049,ahi
1050,vni
1051,Ä‘Æ°
1052,Ì£
1053,Ä‘Ã¡g
1054,mÃ g
1055,vid
1056,vde
1057,ju
1058,qya
1059,Ã¢o
1060,pj
1061,y85
1062,deu
1063,máº¡q
1064,hwa
1065,wua
1066,v15
1067,doc
1068,kv
1069,á»Ÿvn
1070,q9
1071,Â° c
1072,cá»«a
1073,fp
1074,a80
1075,aie
1076,h5p
1077,mÃªm
1078,ğŸ˜¬
1079,x81
1080,kl
1081,Ä‘h
1082,náº·g
